City_Num,City,Country,"Lat, Long",Lat,Lon,OWM City #,OWM City Name,Temp (F),Humidity (%),Cloudiness (%),Wind Speed (mph)
0,rio gallegos,ar,"(-51.622613, -69.218127)",-51.622613,-69.218127,3838859,Rio Gallegos,49.91,88.875,37.2,12.18325
1,ushuaia,ar,"(-54.8, -68.3)",-54.8,-68.3,3833367,Ushuaia,42.13,98.225,64.6,9.3875
2,punta arenas,cl,"(-53.15, -70.916667)",-53.15,-70.916667,3874787,Punta Arenas,45.09,97.475,57.1,14.12375
3,invercargill,nz,"(-46.4, 168.35)",-46.4,168.35,2189529,Invercargill,54.7,82.975,39,4.3435
4,waitati,nz,"(-45.75, 170.566667)",-45.75,170.566667,2179825,Waitati,53.3,82.6,28.2,3.70575
5,bluff,nz,"(-46.6, 168.333333)",-46.6,168.333333,2206939,Bluff,53.75,97.4,25.1,8.45625
6,wyndham,nz,"(-46.333333, 168.85)",-46.333333,168.85,2178933,Wyndham,54.7,82.975,39,4.3435
7,balclutha,nz,"(-46.233889, 169.75)",-46.233889,169.75,2208248,Balclutha,53.98,75.775,30.4,4.59775
8,edendale,nz,"(-46.316667, 168.783333)",-46.316667,168.783333,2178933,Wyndham,54.7,82.975,39,4.3435
9,outram,nz,"(-45.866667, 170.233333)",-45.866667,170.233333,2186656,Momona,53.3,82.6,28.2,3.70575
10,clyde,nz,"(-45.183333, 169.316667)",-45.183333,169.316667,2192264,Clyde,51.59,77.95,23.1,2.5715
11,te anau,nz,"(-45.416667, 167.716667)",-45.416667,167.716667,2181625,Te Anau,50.96,87.425,44.9,4.03225
12,milton,nz,"(-46.120833, 169.969444)",-46.120833,169.969444,2208242,Milton,53.98,75.775,30.4,4.59775
13,otautau,nz,"(-46.15, 168.0)",-46.15,168,2185296,Otautau,54.92,88.525,42.6,4.63675
14,castro,cl,"(-42.463611, -73.808333)",-42.463611,-73.808333,3889146,Gamboa,52.43,93.875,76.8,6.45675
15,wanaka,nz,"(-44.7, 169.15)",-44.7,169.15,2184707,Wanaka,51.59,77.95,23.1,2.5715
16,ulverstone,au,"(-41.160259, 146.182419)",-41.160259,146.182419,2145532,Ulverstone,53.66,89.575,65,12.136
17,burnham,nz,"(-43.616667, 172.316667)",-43.616667,172.316667,2192797,Burnham,58.93,88.275,48.5,7.70425
18,tuatapere,nz,"(-46.133333, 167.683333)",-46.133333,167.683333,2180815,Tuatapere,52.76,97.825,38.9,6.78975
19,seddon,nz,"(-41.666667, 174.083333)",-41.666667,174.083333,6243932,Riverlands,56.69,98.925,52.5,6.879
20,sanson,nz,"(-40.216667, 175.416667)",-40.216667,175.416667,2182968,Sanson,57.94,96.725,58,13.30225
21,palmerston north,nz,"(-40.35, 175.616667)",-40.35,175.616667,2181258,Terrace End,58.84,90.25,62.3,8.3255
22,osorno,cl,"(-40.566667, -73.15)",-40.566667,-73.15,3877949,Osorno,55.04,92.025,76.1,5.18725
23,bulls,nz,"(-40.166667, 175.383333)",-40.166667,175.383333,2192828,Bulls,57.94,96.725,58,13.30225
24,sefton,nz,"(-43.25, 172.666667)",-43.25,172.666667,2182867,Sefton,55.87,91.725,42.9,7.04475
25,riverton,nz,"(-46.35, 168.016667)",-46.35,168.016667,2206957,Riverton,54.92,88.525,42.6,4.63675
26,takaka,nz,"(-40.85, 172.8)",-40.85,172.8,2181997,Takaka,55.46,98.3,59.6,7.6595
27,rongotea,nz,"(-40.3, 175.416667)",-40.3,175.416667,2183299,Rongotea,57.94,96.725,58,13.30225
28,otaki,nz,"(-40.758333, 175.15)",-40.758333,175.15,2206372,Otaki,54.61,99.1,64.2,9.379
29,fairlie,nz,"(-44.1, 170.833333)",-44.1,170.833333,2184512,Pleasant Point,53.39,97.75,44.7,3.61325
30,tokoroa,nz,"(-38.233333, 175.866667)",-38.233333,175.866667,2180995,Tokoroa,54.34,93.2,73.7,5.2685
31,deniliquin,au,"(-35.527409, 144.959579)",-35.527409,144.959579,2169068,Deniliquin,59.51,87.275,52.6,13.573
32,angol,cl,"(-37.8, -72.716667)",-37.8,-72.716667,3899629,Angol,54.54,89.65,64.8,6.26175
33,wallacetown,nz,"(-46.333333, 168.266667)",-46.333333,168.266667,2206967,Wallacetown,54.92,88.525,42.6,4.63675
34,collipulli,cl,"(-37.95, -72.433333)",-37.95,-72.433333,3894177,Collipulli,54.54,89.65,64.8,6.26175
35,lautaro,cl,"(-38.516667, -72.45)",-38.516667,-72.45,3883615,Lautaro,52.58,93.325,72.1,6.68325
36,la union,cl,"(-40.283333, -73.083333)",-40.283333,-73.083333,3883629,La Union,52.93,93.3,76.6,5.277
37,takapau,nz,"(-40.033333, 176.35)",-40.033333,176.35,2181988,Takapau,58.21,84.325,42.1,8.40375
38,victor harbor,au,"(-35.550419, 138.621536)",-35.550419,138.621536,2059470,Victor Harbor,63.47,86.975,51,18.341
39,karamea,nz,"(-41.25, 172.116667)",-41.25,172.116667,7910033,Buller District,52.54,96.25,70.6,3.29725
40,mamaku,nz,"(-38.1, 176.083333)",-38.1,176.083333,2187834,Mamaku,54.34,93.2,73.7,5.2685
41,colac,au,"(-38.339001, 143.584885)",-38.339001,143.584885,2171069,Colac,60.86,87.125,68.3,9.45425
42,muriwai beach,nz,"(-36.816667, 174.45)",-36.816667,174.45,2186363,Muriwai Beach,58.58,96,49.5,7.76
43,rolleston,nz,"(-43.583333, 172.383333)",-43.583333,172.383333,2183310,Rolleston,58.93,88.275,48.5,7.70425
44,ancud,cl,"(-41.869722, -73.820278)",-41.869722,-73.820278,3899695,Ancud,52.7,90.7,75.3,7.01325
45,leopold,au,"(-38.19001, 144.468246)",-38.19001,144.468246,2160336,Leopold,59.87,93.775,50.1,23.67925
46,calbuco,cl,"(-41.768011, -73.127296)",-41.768011,-73.127296,3897334,Calbuco,52.55,97.375,75.6,12.1325
47,tolaga bay,nz,"(-38.366667, 178.3)",-38.366667,178.3,2180991,Tolaga Bay,59.66,83.3,29.7,7.93975
48,bahia blanca,ar,"(-38.719595, -62.272432)",-38.719595,-62.272432,3865086,Bahia Blanca,65.03,73.7,44,11.37525
49,paengaroa,nz,"(-37.816667, 176.416667)",-37.816667,176.416667,2185128,Paengaroa,57.08,98.325,46.1,8.6405
50,calera,cl,"(-32.783333, -71.2)",-32.783333,-71.2,3888214,Hacienda La Calera,66.26,91.625,40.3,3.282
51,broken hill,au,"(-31.961729, 141.459976)",-31.961729,141.459976,2173910,Broken Hill Municipality,68.33,58.575,8,14.7985
52,lakes entrance,au,"(-37.878941, 147.995132)",-37.878941,147.995132,2160735,Lakes Entrance,63.02,71.275,24.8,11.26425
53,masterton,nz,"(-40.959722, 175.6575)",-40.959722,175.6575,2206890,Masterton,55.87,92.8,44.9,7.123
54,cauquenes,cl,"(-35.966667, -72.35)",-35.966667,-72.35,3873369,Retulemus,55.83,92.85,63.2,5.88125
55,australind,au,"(-33.279202, 115.715042)",-33.279202,115.715042,2077454,Australind,61.74,90.45,71.3,16.146
56,whittlesea,za,"(-32.175877, 26.824372)",-32.175877,26.824372,940186,Whittlesea,60.82,68.9,34.1,4.6195
57,westport,nz,"(-41.75, 171.566667)",-41.75,171.566667,2192573,Carters Beach,55.2,98.325,70.9,3.32825
58,warrnambool,au,"(-38.38176, 142.487991)",-38.38176,142.487991,2144528,Warrnambool,62.03,93.55,71.4,19.94575
59,necochea,ar,"(-38.547259, -58.736753)",-38.547259,-58.736753,3430443,Necochea,66.13,82.725,58.8,13.179
60,coihueco,cl,"(-36.616667, -71.833333)",-36.616667,-71.833333,3894406,Coihueco,57.35,88.7,65.7,5.71575
61,san felipe,cl,"(-32.75, -70.733333)",-32.75,-70.733333,3872255,San Felipe,61.56,80.625,42.4,1.491
62,bowral,au,"(-34.477501, 150.420395)",-34.477501,150.420395,2174400,Bowral,62.39,71.375,14.2,7.00775
63,collie,au,"(-33.362061, 116.156174)",-33.362061,116.156174,2074113,Collie,62.28,89.55,73,13.96675
64,cabrero,cl,"(-37.033333, -72.4)",-37.033333,-72.4,3897557,Cabrero,55.64,91.2,64,7.03575
65,robertson,za,"(-33.803418, 19.885374)",-33.803418,19.885374,3362349,Robertson,53.39,79.5,33,2.52875
66,middelburg,za,"(-31.492849, 25.00633)",-31.492849,25.00633,976358,Middelburg,56.23,59.975,17.3,7.4615
67,rosario,ar,"(-32.946818, -60.639317)",-32.946818,-60.639317,3838583,Rosario,77.2,75.375,17.8,10.7095
68,paraguari,py,"(-25.633333, -57.15)",-25.633333,-57.15,3438713,Establecimiento La Norma,75.03,76.6,18.2,4.228
69,pomerode,br,"(-26.75, -49.183333)",-26.75,-49.183333,7575224,Testo Central Alto,69.66,82.4,43.4,3.731
70,sao lourenco do oeste,br,"(-26.4, -52.766667)",-26.4,-52.766667,3459447,Jupiá,71.43,75.75,32.9,5.797
71,kawerau,nz,"(-38.1, 176.7)",-38.1,176.7,2188942,Kawerau,53.84,93.4,62.3,3.79725
72,luderitz,na,"(-26.6480556, 15.1594444)",-26.6480556,15.1594444,3355672,Luderitz,62.66,74.25,0,19.1535
73,coquimbo,cl,"(-29.953333, -71.343611)",-29.953333,-71.343611,3893629,Coquimbo,63.63,96,22.5,4.547
74,adelaide,au,"(-34.928661, 138.598633)",-34.928661,138.598633,2078025,Adelaide,64.19,89.875,56.7,15.9585
75,san javier,cl,"(-35.6, -71.75)",-35.6,-71.75,3872154,San Javier,56.55,93.225,54.8,3.3105
76,nelspruit,za,"(-25.474482, 30.970333)",-25.474482,30.970333,971534,Nelspruit,91.58,68.8,32.1,3.9455
77,porto belo,br,"(-27.1575, -48.539722)",-27.1575,-48.539722,3452900,Porto Belo,66.69,94.825,31.9,4.4945
78,coronel bogado,py,"(-27.183333, -56.3)",-27.183333,-56.3,3438825,Coronel Bogado,74.58,75.15,9.5,4.315
79,werda,bw,"(-25.2666667, 23.2833333)",-25.2666667,23.2833333,932960,Werda,83.32,23.425,32.5,10.927
80,kingaroy,au,"(-26.53994, 151.837296)",-26.53994,151.837296,2161376,Kingaroy,71.13,72.025,8.7,8.21
81,asuncion,py,"(-25.266667, -57.666667)",-25.266667,-57.666667,3437696,Nanawa,74.4,84.575,23.6,7.7575
82,mulchen,cl,"(-37.716667, -72.233333)",-37.716667,-72.233333,3879200,Mulchen,56.52,88.425,70.6,6.06375
83,sao luiz gonzaga,br,"(-28.4, -54.966667)",-28.4,-54.966667,3448552,Sao Luiz Gonzaga,73.5,79.175,9.4,5.49475
84,narrabri,au,"(-30.32612, 149.783707)",-30.32612,149.783707,2155742,Narrabri,63.2,76.8,11.4,7.31025
85,standerton,za,"(-26.933655, 29.241518)",-26.933655,29.241518,952747,Standerton,73.31,37.725,43.8,11.675
86,tanabi,br,"(-20.616667, -49.616667)",-20.616667,-49.616667,3446979,Tanabi,86.72,70.375,33.8,6.49375
87,new grove,mu,"(-20.4086111, 57.6136111)",-20.4086111,57.6136111,934240,New Grove,75.85,81.375,22.1,8.43325
88,guaraniacu,br,"(-25.1, -52.866667)",-25.1,-52.866667,3461892,Guaraniacu,71.88,81.5,40.9,2.85825
89,ivoti,br,"(-29.6, -51.166667)",-29.6,-51.166667,3460484,Ivoti,66.93,77.9,9.1,3.2165
90,presidente venceslau,br,"(-21.866667, -51.833333)",-21.866667,-51.833333,3452320,Presidente Venceslau,80.42,92.55,50.6,6.004
91,tandil,ar,"(-37.321674, -59.133164)",-37.321674,-59.133164,3427833,Tandil,66.78,75.175,39.2,12.11725
92,jujuy,ar,"(-24.194565, -65.297116)",-24.194565,-65.297116,3836564,San Salvador de Jujuy,75.78,62.025,11.2,2.11725
93,varginha,br,"(-21.55, -45.433333)",-21.55,-45.433333,3445487,Varginha,76.05,90.325,46.9,4.21025
94,wakefield,nz,"(-41.4, 173.05)",-41.4,173.05,2179702,Wakefield,53.3,94.8,66.3,2.57775
95,corowa,au,"(-35.999619, 146.385803)",-35.999619,146.385803,2145098,Wahgunyah,57.62,92.675,76.8,12.42725
96,ponta grossa,br,"(-25.083333, -50.15)",-25.083333,-50.15,3453186,Ponta Grossa,68.45,88.675,50.5,5.55375
97,san lorenzo,bo,"(-21.4333333, -64.7833333)",-21.4333333,-64.7833333,3902705,Tolomosita,66.48,71.3,12.1,2.51075
98,itanhandu,br,"(-22.3, -44.95)",-22.3,-44.95,3460788,Itanhandu,76.59,88.875,48.1,2.90275
99,sundumbili,za,"(-29.133711, 31.397521)",-29.133711,31.397521,951441,Sundumbili,69.19,73.125,35.3,7.25675
100,guaira,br,"(-24.066667, -54.25)",-24.066667,-54.25,3437148,Salto del Guaira,70.98,91.15,51.6,6.21975
101,martinopolis,br,"(-22.183333, -51.2)",-22.183333,-51.2,3457595,Martinopolis,77.36,90.775,48.4,6.38475
102,orkney,za,"(-26.980232, 26.672717)",-26.980232,26.672717,967476,Orkney,76.3,34.65,37.6,11.48125
103,hendrina,za,"(-26.158806, 29.715284)",-26.158806,29.715284,996930,Hendrina,78.62,37.1,29.4,12.35625
104,santa barbara,bo,"(-20.9166667, -66.05)",-20.9166667,-66.05,3904956,Santa Barbara,56.48,41.725,2.4,4.04975
105,sao lourenco,br,"(-22.116667, -45.05)",-22.116667,-45.05,3448616,Sao Lourenco,74.79,88.875,48.1,2.90275
106,ballitoville,za,"(-29.538969, 31.214386)",-29.538969,31.214386,1021360,Ballitoville,69.19,73.125,35.3,7.25675
107,puerto pinasco,py,"(-22.716667, -57.833333)",-22.716667,-57.833333,3437598,Republic of Paraguay,79.44,87.375,32.3,8.08375
108,tocantins,br,"(-21.166667, -43.033333)",-21.166667,-43.033333,3446392,Tocantins,81.09,94.925,59.4,3.8535
109,brits,za,"(-25.634731, 27.780224)",-25.634731,27.780224,1015621,Brits,82.4,37.725,36.3,7.64425
110,christiana,za,"(-27.914023, 25.161111)",-27.914023,25.161111,1013550,Christiana,69.57,44.725,21.9,9.73575
111,pato branco,br,"(-26.216667, -52.666667)",-26.216667,-52.666667,3454818,Pato Branco,71.43,75.75,32.9,5.797
112,icara,br,"(-28.7, -49.3)",-28.7,-49.3,3461519,Icara,68.63,95.75,13,8.03375
113,matao,br,"(-21.583333, -48.366667)",-21.583333,-48.366667,3457509,Matao,85.05,77.6,37.5,5.73875
114,alice,za,"(-32.787493, 26.834396)",-32.787493,26.834396,1023332,Alice,67.57,69.425,30.7,6.55725
115,paulinia,br,"(-22.75, -47.166667)",-22.75,-47.166667,3454690,Paulinia,79.79,89.7,43.3,4.212
116,kokstad,za,"(-30.547231, 29.42412)",-30.547231,29.42412,988356,Kokstad,67.64,52.725,33.5,4.027
117,vargem alta,br,"(-20.666667, -41.0)",-20.666667,-41,3445534,Vargem Alta,83.03,94.4,69.4,3.547
118,birigui,br,"(-21.3, -50.316667)",-21.3,-50.316667,3469989,Birigui,83.21,87.2,44.4,6.331
119,santana de parnaiba,br,"(-23.45, -46.916667)",-23.45,-46.916667,3449948,Santana de Parnaiba,72.54,94.575,65,4.4625
120,machaneng,bw,"(-23.1833333, 27.5)",-23.1833333,27.5,933488,Machaneng,95.24,40.2,4.8,9.6525
121,morondava,mg,"(-20.2833333, 44.2833333)",-20.2833333,44.2833333,1058381,Morondava,89.17,77.15,0,4.3455
122,wellsford,nz,"(-36.283333, 174.516667)",-36.283333,174.516667,2179532,Wellsford,59.48,99.225,49.3,8.7305
123,raglan,nz,"(-37.8, 174.883333)",-37.8,174.883333,2183854,Raglan,57.32,95.325,76.6,13.031
124,mbutuy,py,"(-24.966667, -56.3)",-24.966667,-56.3,3437748,Mbutuy,75.75,78.625,25.5,5.19225
125,lobito,ao,"(-12.319722, 13.599722)",-12.319722,13.599722,3372346,Lobito,79.97,84.625,10.6,2.68125
126,tocopilla,cl,"(-22.09198, -70.19792)",-22.09198,-70.19792,3869716,Tocopilla,65.98,94.95,17.8,2.58375
127,pirassununga,br,"(-21.983333, -47.416667)",-21.983333,-47.416667,3453639,Pirassununga,78.8,88.325,40.8,4.47675
128,apucarana,br,"(-23.55, -51.483333)",-23.55,-51.483333,3471910,Apucarana,74.12,91.95,40.6,6.88175
129,sao joao da boa vista,br,"(-21.966667, -46.783333)",-21.966667,-46.783333,3445080,Vila Conrado,76.91,82.875,38.6,4.067
130,maposeni,tz,"(-10.5833333, 35.4)",-10.5833333,35.4,878073,Maposeni,82.55,55.75,9.4,3.593
131,sapapalii,ws,"(-13.6833333, -172.1166667)",-13.6833333,-172.1166667,4034894,Independent State of Samoa,79.56,100,11.5,10.87775
132,limeira,br,"(-22.561667, -47.402778)",-22.561667,-47.402778,3458575,Limeira,79.79,89.7,43.3,4.212
133,unai,br,"(-16.383333, -46.883333)",-16.383333,-46.883333,3445764,Unai,93.4,67.3,27.1,4.91575
134,sarandi,br,"(-27.933333, -52.916667)",-27.933333,-52.916667,3447997,Sarandi,67.47,84.125,10.8,6.239
135,mbuyapey,py,"(-26.2, -56.75)",-26.2,-56.75,3437744,Mbuyapey,75.66,76.35,12.8,6.90975
136,itapetinga,br,"(-15.25, -40.25)",-15.25,-40.25,3460730,Itapetinga,84.4,89.05,59.1,5.18
137,bandraboua,yt,"(-12.7016667, 45.1205556)",-12.7016667,45.1205556,1090119,Bandraboua,81.21,99.9,4.3,4.08575
138,coripata,bo,"(-16.3, -67.6)",-16.3,-67.6,3919097,Coripata,66.06,85.5,32.6,1.77775
139,soledade,br,"(-28.833333, -52.5)",-28.833333,-52.5,3447423,Soledade,66.93,85.775,8.4,6.669
140,riviere du rempart,mu,"(-20.1030556, 57.6847222)",-20.1030556,57.6847222,934091,Riviere du Rempart,75.85,81.375,22.1,8.43325
141,castro alves,br,"(-12.75, -39.433333)",-12.75,-39.433333,3466703,Castro Alves,91.36,76.15,30.4,5.367
142,yacuiba,bo,"(-22.0333333, -63.6833333)",-22.0333333,-63.6833333,3901178,Yacuiba,76.47,79.2,19.9,5.699
143,napier,nz,"(-39.483333, 176.916667)",-39.483333,176.916667,2185587,Onekawa,59.07,92.35,29.6,11.13875
144,gampengrejo,id,"(-7.7087, 112.1008)",-7.7087,112.1008,1644522,Gampengrejo,90.55,67.275,14.5,6.968
145,imperial,pe,"(-13.0666667, -76.35)",-13.0666667,-76.35,3938396,Imperial,71.92,85.3,14.1,2.1985
146,tingo maria,pe,"(-9.3, -75.9833333)",-9.3,-75.9833333,6659400,San Jorge,68.22,79.875,34.4,1.88875
147,jose bonifacio,br,"(-21.05, -49.683333)",-21.05,-49.683333,3459667,Jose Bonifacio,86.04,78.925,36.6,6.345
148,weleri,id,"(-6.9713, 110.0666)",-6.9713,110.0666,1621655,Weleri,86.86,72,33.3,2.3635
149,poco verde,br,"(-10.7, -38.183333)",-10.7,-38.183333,3453300,Poco Verde,95.43,74.05,43.7,7.71025
150,ilinge,za,"(-31.976764, 27.042674)",-31.976764,27.042674,994939,Ilinge,60.01,63.6,31,4.79575
151,porto ferreira,br,"(-21.85, -47.466667)",-21.85,-47.466667,3452775,Porto Ferreira,80.42,82.95,38.6,4.27375
152,saint-denis,re,"(-20.8666667, 55.4666667)",-20.8666667,55.4666667,935605,Les Camélias,74.95,94.6,16.2,2.9105
153,conceicao do coite,br,"(-11.55, -39.266667)",-11.55,-39.266667,3465748,Conceicao do Coite,93.51,73.3,28.2,7.6425
154,fagundes,br,"(-7.35, -35.8)",-7.35,-35.8,3400515,Fagundes,85.8,78.175,55.8,8.921
155,curuguaty,py,"(-24.516667, -55.7)",-24.516667,-55.7,3437088,San Isidro de Curuguaty,74.58,76.275,36,3.4175
156,lakatoro,vu,"(-16.1166667, 167.4166667)",-16.1166667,167.4166667,2136697,Lakatoro,80.63,85.9,50,9.278
157,novo oriente,br,"(-5.533333, -40.766667)",-5.533333,-40.766667,3393783,Novo Oriente,97.74,55.475,11.8,6.9525
158,lalomanu,ws,"(-14.0, -171.4)",-14,-171.4,4035358,Falefa,79.76,100,9.5,10.464
159,novo hamburgo,br,"(-29.683333, -51.133333)",-29.683333,-51.133333,3456068,Novo Hamburgo,66.93,77.9,9.1,3.2165
160,sideropolis,br,"(-28.583333, -49.433333)",-28.583333,-49.433333,3447598,Sideropolis,68.63,95.75,13,8.03375
161,tapiramuta,br,"(-11.85, -40.783333)",-11.85,-40.783333,3446866,Tapiramuta,89.89,70.925,27.2,7.19825
162,babat,id,"(-7.075, 112.304)",-7.075,112.304,1636912,Maduran,95.53,57.425,14.6,6.55175
163,pilar do sul,br,"(-23.816667, -47.7)",-23.816667,-47.7,3453896,Pilar do Sul,74.25,93.8,68.4,3.6075
164,mikumi,tz,"(-7.4, 36.9833333)",-7.4,36.9833333,153871,Mikumi,82.64,67.85,4.7,3.095
165,paramirim,br,"(-13.433333, -42.25)",-13.433333,-42.25,3455082,Paramirim,93.06,65.075,7.3,5.2715
166,waverley,nz,"(-39.766667, 174.633333)",-39.766667,174.633333,2179581,Waverley,56.27,90.45,61,11.14625
167,plaines des papayes,mu,"(-20.065, 57.5725)",-20.065,57.5725,934170,Plaine des Papayes,74.68,100,20.7,13.72875
168,hastings,au,"(-38.3, 145.183333)",-38.3,145.183333,2163837,Hastings,60.14,90.2,60.5,21.23225
169,entre-deux,re,"(-21.2333333, 55.4666667)",-21.2333333,55.4666667,935915,LEntre-Deux,74.95,94.6,16.2,2.9105
170,extrema,br,"(-22.85, -46.316667)",-22.85,-46.316667,3463668,Extrema,71.37,87.675,51.7,3.2725
171,sao mateus do sul,br,"(-25.866667, -50.383333)",-25.866667,-50.383333,3448502,Sao Mateus do Sul,69.35,85.5,48.1,5.313
172,brejo,br,"(-3.683333, -42.783333)",-3.683333,-42.783333,3410102,Cabeça Quebrada,97.88,78.525,19.5,6.24175
173,valenca,br,"(-13.366667, -39.083333)",-13.366667,-39.083333,3445597,Valenca,83.34,88.725,51.1,5.5925
174,stawell,au,"(-37.05632, 142.780884)",-37.05632,142.780884,2148431,Stawell,58.7,89.775,62.4,13.2765
175,manicore,br,"(-5.812222, -61.2975)",-5.812222,-61.2975,3663503,Manicore,98.08,85.275,31,2.5905
176,waitakere,nz,"(-36.85, 174.55)",-36.85,174.55,2179867,Waitakere,58.58,96,49.5,7.76
177,jatiroto,id,"(-7.883333, 111.116667)",-7.883333,111.116667,1642692,Jatiroto,90.76,69.225,16.4,4.38975
178,portovelo,ec,"(-3.7166667, -79.6166667)",-3.7166667,-79.6166667,3652943,Portovelo,84.92,79.4,29.2,2.39675
179,casa nova,br,"(-9.416667, -41.133333)",-9.416667,-41.133333,3402621,Casa Nova,91.24,64.6,1.4,12.28975
180,saint-philippe,re,"(-21.35, 55.7666667)",-21.35,55.7666667,6690301,Saint-Philippe,72.79,100,22.3,9.98275
181,goiana,br,"(-7.55, -34.983333)",-7.55,-34.983333,3398904,Goiana,82.35,99.1,65.1,11.054
182,padang,id,"(-0.953154, 100.367659)",-0.953154,100.367659,1633419,Padang,80.86,100,75.9,5.137
183,palmerston,au,"(-12.45722, 130.836639)",-12.45722,130.836639,2073124,Darwin,90.27,65.275,9.1,10.158
184,benjamin constant,br,"(-4.374444, -70.029722)",-4.374444,-70.029722,3665016,Benjamin Constant,88.41,91.3,40.8,3.2435
185,lira,ug,"(2.235, 32.9097222)",2.235,32.9097222,230166,Lira,85.25,84.225,27.3,4.3575
186,oron,ng,"(4.825614, 8.234345)",4.825614,8.234345,2325688,Oron,80.01,99.375,86,3.8165
187,pedras de fogo,br,"(-7.383333, -35.116667)",-7.383333,-35.116667,3392478,Pedras de Fogo,84.81,83.25,61.5,8.32975
188,gloria do goita,br,"(-8.016667, -35.283333)",-8.016667,-35.283333,3387743,Serrinha,84.61,84.675,50.1,7.2515
189,waiouru,nz,"(-39.483333, 175.666667)",-39.483333,175.666667,2180063,Waiouru,52.9,88.175,53.4,7.8835
190,triolet,mu,"(-20.0547222, 57.5452778)",-20.0547222,57.5452778,933953,Trou aux Biches,74.68,100,20.7,13.72875
191,bintulu,my,"(3.166667, 113.033333)",3.166667,113.033333,1737486,Bintulu,90.28,90.475,50.8,2.785
192,sento se,br,"(-9.666667, -41.3)",-9.666667,-41.3,3402621,Casa Nova,93,64.6,1.4,12.28975
193,acopiara,br,"(-6.1, -39.45)",-6.1,-39.45,3408343,Acopiara,96.48,52.25,29.5,7.03775
194,thames,nz,"(-37.133333, 175.533333)",-37.133333,175.533333,2208333,Thames,58.03,88.325,52,4.79875
195,la huaca,pe,"(-4.9116667, -80.96)",-4.9116667,-80.96,3695829,La Huaca,83.62,77.9,4.9,7.37675
196,songea,tz,"(-10.6833333, 35.65)",-10.6833333,35.65,877401,Songea,82.55,55.75,9.4,3.593
197,mbini,gq,"(1.5833333, 9.6166667)",1.5833333,9.6166667,2308278,Mbini,80.92,98.95,62.9,8.46775
198,kundiawa,pg,"(-6.0166667, 144.9666667)",-6.0166667,144.9666667,2093059,Kundiawa,72.62,87.25,52.2,1.6865
199,bugembe,ug,"(0.4797222, 33.2344444)",0.4797222,33.2344444,234578,Bugembe,86.6,78.85,22.8,4.30375
200,vaitape,pf,"(-16.5166667, -151.75)",-16.5166667,-151.75,4033077,Vaitape,80.66,99.075,52.8,12.21725
201,sao joaquim,br,"(-28.3, -49.933333)",-28.3,-49.933333,3448828,Sao Joaquim,61.58,77.325,24.4,4.2645
202,bentong,my,"(3.5316, 101.9038)",3.5316,101.9038,1779790,Bentong Town,85.97,83.7,53.5,2.615
203,santa helena,br,"(-2.233333, -45.3)",-2.233333,-45.3,3389622,Santa Helena,92.3,84.325,32.3,8.10075
204,ouro preto do oeste,br,"(-10.666667, -62.3)",-10.666667,-62.3,3969406,Sítio Paraná,95.31,71.55,34.2,2.8325
205,pajan,ec,"(-1.5666667, -80.4166667)",-1.5666667,-80.4166667,3653609,Pajan,85.28,89.45,44.3,4.21675
206,arinos,br,"(-15.916667, -46.066667)",-15.916667,-46.066667,3471522,Arinos,92.91,60.8,29.6,5.2465
207,monte alegre,br,"(-5.889722, -36.301389)",-5.889722,-36.301389,3394594,Monte Alegre,94.24,81.575,41.8,9.44025
208,san pedro de uraba,co,"(8.275147, -76.376407)",8.275147,-76.376407,3669087,San Pedro de Uraba,90.09,88.9,47.2,6.468
209,beberibe,br,"(-4.183333, -38.133333)",-4.183333,-38.133333,3405924,Beberibe,88.23,76.85,35.2,10.39975
210,la plata,ar,"(-34.921454, -57.954533)",-34.921454,-57.954533,3432043,La Plata,64.2,83.95,26.5,11.5875
211,mandapam,in,"(9.283333, 79.116667)",9.283333,79.116667,1263900,Mandapam,86.05,96.8,31.6,23.52875
212,kondoa,tz,"(-4.9, 35.7833333)",-4.9,35.7833333,156510,Kondoa,79.99,61.025,4.6,6.58025
213,keningau,my,"(5.3378, 116.1602)",5.3378,116.1602,1734098,Keningau,81.99,83.725,61.5,1.76475
214,sembe,cg,"(1.6480556, 14.5805556)",1.6480556,14.5805556,2255304,Sembe,83.84,88.8,65.8,2.75675
215,halalo,wf,"(-13.35, -176.1833333)",-13.35,-176.1833333,4034749,Wallis et Futuna,79.04,100,21,12.82875
216,borama,so,"(9.9333333, 43.1833333)",9.9333333,43.1833333,8045596,Baki,96.08,43.85,50.4,5.85825
217,conceicao da feira,br,"(-12.5, -39.0)",-12.5,-39,3465767,Conceicao da Feira,90.32,80.4,38.9,5.10125
218,malapag,ph,"(7.133333, 124.816667)",7.133333,124.816667,1703062,Malapag,90.19,80.85,44.7,3.66075
219,anibongan,ph,"(7.393333, 125.718889)",7.393333,125.718889,1730686,Anibongan,87,83.15,49.2,6.24675
220,llano marin,pa,"(8.5, -80.3333333)",8.5,-80.3333333,3705691,Llano Marin,89.02,97.925,52.9,3.19875
221,cordeiro,br,"(-22.033333, -42.366667)",-22.033333,-42.366667,3465527,Cordeiro,75.36,92.8,73.6,2.962
222,sabanalarga,co,"(6.848931, -75.817106)",6.848931,-75.817106,3670506,Sabanalarga,74.14,87.425,31.9,2.6795
223,orotina,cr,"(9.911972, -84.52337)",9.911972,-84.52337,3622660,Orotina,84.38,86.525,60,1.692
224,makaleng,bw,"(-20.9, 27.2833333)",-20.9,27.2833333,933456,Makaleng,91.19,30.325,0,7.87475
225,gaoual,gn,"(11.75, -13.2)",11.75,-13.2,2420826,Gaoual,80.52,96.475,87.7,7.385
226,gbadolite,cd,"(4.283333, 21.016667)",4.283333,21.016667,216404,Gbadolite,83.5,91.125,50.5,3.6405
227,cucutilla,co,"(7.539411, -72.772384)",7.539411,-72.772384,3685529,Cucutilla,83.26,69,15,2.45075
228,chiradzulu,mw,"(-15.7, 35.1833333)",-15.7,35.1833333,930580,Chiradzulu,85.16,56.4,1.1,4.533
229,rakaia,nz,"(-43.75, 172.016667)",-43.75,172.016667,2183824,Rakaia,58.93,88.275,48.5,7.70425
230,monte alegre de minas,br,"(-18.866667, -48.866667)",-18.866667,-48.866667,3456880,Monte Alegre de Minas,86.13,69.6,32.5,4.709
231,paciran,id,"(-6.866667, 112.333333)",-6.866667,112.333333,8080430,Sumurgayam,83.49,99.45,9.6,12.8605
232,jakarta,id,"(-6.174444, 106.829444)",-6.174444,106.829444,1631845,Pecenongan,86.35,88.375,17.2,5.66525
233,panggulayan,ph,"(13.039801, 121.447916)",13.039801,121.447916,1695185,Pangulayan,82.37,96.275,69.5,5.66025
234,tasikmalaya,id,"(-7.3274, 108.2207)",-7.3274,108.2207,1624647,Tasikmalaya,81.37,85.7,51.8,2.24075
235,maneromango,tz,"(-7.2, 38.7833333)",-7.2,38.7833333,154915,Maneromango,86.2,72.4,27.6,4.27575
236,cimahi,id,"(-6.698333, 107.275278)",-6.698333,107.275278,1964032,Ciranjang-hilir,89.65,73.825,30.2,3.48125
237,kimaya,ph,"(8.564722, 124.839722)",8.564722,124.839722,1708757,Kimaya,84.77,96.05,54,3.00375
238,tibana,co,"(5.317284, -73.396548)",5.317284,-73.396548,3667218,Tibana,69.85,77.575,30.7,2.04975
239,cibeureum,id,"(-7.0218, 108.3031)",-7.0218,108.3031,1647021,Cibeureum,81.37,85.7,51.8,2.24075
240,chapada dos guimaraes,br,"(-15.433333, -55.75)",-15.433333,-55.75,3466307,Chapada dos Guimaraes,96.48,67.75,37.6,4.2785
241,miguelopolis,br,"(-20.2, -48.05)",-20.2,-48.05,3457192,Miguelopolis,83.39,77.4,37.3,5.39675
242,natubleng,ph,"(16.696474, 120.780541)",16.696474,120.780541,1697949,Natubleng,79.2,95.625,81.3,2.341
243,tapalpa,mx,"(19.95, -103.766667)",19.95,-103.766667,3982461,Tapalpa,76.86,88.65,47.5,1.97325
244,lota,cl,"(-37.083333, -73.166667)",-37.083333,-73.166667,3881276,Lota,56.34,92.975,65.8,6.44625
245,huancayo,pe,"(-12.0666667, -75.2333333)",-12.0666667,-75.2333333,3939459,Huancayo,65.23,69.95,42.1,1.726
246,santa catarina mita,gt,"(14.45, -89.75)",14.45,-89.75,3589456,Santa Catarina Mita,89.47,82.525,23.9,3.001
247,karaikkudi,in,"(10.066667, 78.783333)",10.066667,78.783333,1267885,Karaikkudi,96.41,60.7,55.4,5.2065
248,traiguen,cl,"(-38.25, -72.683333)",-38.25,-72.683333,3869381,Traiguen,52.58,93.325,72.1,6.68325
249,dunkwa,gh,"(5.9666667, -1.7833333)",5.9666667,-1.7833333,2301400,Dunkwa,91.17,76.5,40,7.48875
250,antipolo,ph,"(11.166667, 123.95)",11.166667,123.95,1730515,Antipolo,86.59,91.925,70.7,12.28675
251,nata,pa,"(8.3333333, -80.5166667)",8.3333333,-80.5166667,3703938,Nata,90.07,97.925,52.9,3.19875
252,brasilia,br,"(-15.783333, -47.916667)",-15.783333,-47.916667,3469058,Brasilia,87.44,63.575,35.5,5.1535
253,anolaima,co,"(4.765904, -74.465477)",4.765904,-74.465477,3665987,Villa Hermosa,77.42,70.2,17.7,2.55925
254,yala,th,"(6.539946, 101.281284)",6.539946,101.281284,1604870,Yala,90.33,75.225,61.4,4.84075
255,anaco,ve,"(9.4375, -64.4730556)",9.4375,-64.4730556,3486270,Anaco,91.26,72.5,23.4,11.35
256,san jose de guanipa,ve,"(8.8933333, -64.1591667)",8.8933333,-64.1591667,3628142,San Jose de Guanipa,90.78,76.725,22.1,11.52375
257,kapingkong,ph,"(6.669167, 124.631111)",6.669167,124.631111,1709229,Kapinkong,88.78,87.075,39,3.58225
258,kanigiri,in,"(15.4, 79.516667)",15.4,79.516667,1268059,Kanigiri,99.22,55.6,45,14.60525
259,lunas,ph,"(10.6402, 123.7525)",10.6402,123.7525,1705084,Lunas,87.94,85.75,66.9,10.56225
260,kindia,gn,"(10.0666667, -12.85)",10.0666667,-12.85,2419533,Kindia,73.88,99.375,91,2.936
261,mogeiro,br,"(-7.3, -35.466667)",-7.3,-35.466667,3394669,Mogeiro,83.52,83.25,61.5,8.32975
262,linoan,ph,"(7.626, 125.9741)",7.626,125.9741,1706148,Linoan,92.04,68.425,51.8,5.67675
263,chatakonda,in,"(17.55, 80.65)",17.55,80.65,1274547,Chatakonda,90.26,81.575,71.7,8.7745
264,hoskote,in,"(13.066944, 77.798333)",13.066944,77.798333,1269936,Hoskote,84.91,70.9,44.1,17.242
265,kinalansan,ph,"(13.7036, 123.5531)",13.7036,123.5531,1708724,Kinalansan,86.14,90.475,70.2,13.63975
266,panindicuaro,mx,"(19.966667, -101.766667)",19.966667,-101.766667,3993519,Panindicuaro de la Reforma,75.72,84.1,42.5,2.36575
267,bhadravati,in,"(13.866667, 75.716667)",13.866667,75.716667,1276321,Bhadravati,76.18,96.875,59.6,13.36825
268,la colmena,py,"(-25.883333, -56.816667)",-25.883333,-56.816667,3437868,La Colmena,75.03,76.6,18.2,4.228
269,el derrumbo,hn,"(14.75, -88.7833333)",14.75,-88.7833333,3601494,Santa Rosa de Copan,82.77,90.1,82.4,2.05925
270,siyabuswa,za,"(-25.113194, 29.044538)",-25.113194,29.044538,955313,Siyabuswa,88.7,40.85,19.7,7.861
271,caba,ph,"(16.4316, 120.3446)",16.4316,120.3446,1722068,Caba,75.63,98.95,90.8,3.5825
272,jacarezinho,br,"(-23.171382, -49.991453)",-23.171382,-49.991453,3460362,Jacarezinho,75.38,92.225,42.8,6.9185
273,rabinal,gt,"(15.1, -90.45)",15.1,-90.45,3590924,Rabinal,82.18,83.1,44.3,2.081
274,san antonio,ph,"(16.0846, 120.7639)",16.0846,120.7639,1688864,San Nicolas,75.63,98.95,90.8,3.5825
275,mabini,ph,"(13.753237, 120.940487)",13.753237,120.940487,1704560,Mabini,84.41,94.225,73.9,6.73875
276,paranaiba,br,"(-19.666667, -51.183333)",-19.666667,-51.183333,3455065,Paranaiba,87.39,75.175,42.1,6.46525
277,lucero,ph,"(16.4051, 119.9124)",16.4051,119.9124,1705353,Lucero,81.88,99.975,87.1,14.37025
278,montijo,pa,"(7.9922222, -81.0544444)",7.9922222,-81.0544444,3704123,Montijo,89.47,94.375,66,2.38325
279,durazno,uy,"(-33.4130556, -56.5005556)",-33.4130556,-56.5005556,3442727,Durazno,66.75,81.65,16.7,10.03575
280,sanivarsante,in,"(12.733333, 75.9)",12.733333,75.9,1257390,Sanivarsante,75.82,94.35,60.7,12.4325
281,sivakasi,in,"(9.45, 77.816667)",9.45,77.816667,1255947,Sivakasi,95.2,50.35,48.5,12.4325
282,kalmunai,lk,"(7.4166667, 81.8166667)",7.4166667,81.8166667,1242110,Kalmunai,91.87,84.925,46.9,3.4875
283,kalutara,lk,"(6.5761111, 79.9658333)",6.5761111,79.9658333,1241964,Kalutara,81.6,98.625,76.2,12.5225
284,san roque,ph,"(16.0529, 120.7576)",16.0529,120.7576,1718253,Carriedo,75.63,98.95,90.8,3.5825
285,pisco,pe,"(-13.7, -76.2166667)",-13.7,-76.2166667,3932145,Pisco,71.22,92.125,17.1,3.48375
286,phan thiet,vn,"(10.933333, 108.1)",10.933333,108.1,1571058,Phan Thiet,81.33,99.75,90.5,12.98125
287,kabwe,zm,"(-14.4333333, 28.45)",-14.4333333,28.45,916095,Kabwe,87.55,37.175,0,9.1105
288,mahudha,in,"(22.816667, 72.933333)",22.816667,72.933333,1264344,Mahudha,88.66,84.4,86.8,10.50875
289,barbacena,br,"(-21.233333, -43.766667)",-21.233333,-43.766667,3470858,Barbacena,74.3,91.55,57.3,3.99425
290,santa clara,mx,"(24.475, -103.356944)",24.475,-103.356944,3984558,Santa Clara,89.91,45.8,27.4,6.82325
291,las lomas,pa,"(8.5, -80.3833333)",8.5,-80.3833333,3706409,Las Lomas,89.02,97.925,52.9,3.19875
292,nasunogan,ph,"(11.3686, 122.6753)",11.3686,122.6753,1698046,Masonogan,84.89,81.8,66.6,6.9325
293,nopalucan,mx,"(19.216667, -97.816667)",19.216667,-97.816667,3522645,Nopalucan de la Granja,78.4,69.375,28.4,5.36025
294,guayaquil,ec,"(-2.1666667, -79.9)",-2.1666667,-79.9,3657509,Guayaquil,88.61,80.5,43,5.423
295,magdalena,ph,"(16.933333, 121.766667)",16.933333,121.766667,1703911,Magdalena,85.75,92.35,74.8,3.80325
296,san francisco de ojuera,hn,"(14.75, -88.1833333)",14.75,-88.1833333,3613281,Concepcion del Sur,86.1,85.85,63.6,2.10075
297,shahpura,in,"(25.633333, 74.933333)",25.633333,74.933333,1256706,Shahpura,86.92,89.05,80,5.062
298,ribeira brava,cv,"(16.6166667, -24.3)",16.6166667,-24.3,3374121,Vila da Ribeira Brava,76.88,99.25,39.9,12.05975
299,fuerte,ph,"(17.538056, 120.364444)",17.538056,120.364444,1713558,Fuerte,83.07,90.875,71.7,4.2485
300,la paz,ph,"(15.9, 120.75)",15.9,120.75,1713799,Esmeralda,75.63,98.95,90.8,3.5825
301,san marcos,mx,"(20.033333, -99.333333)",20.033333,-99.333333,3515064,Tula de Allende,69.68,93.3,50.1,3.05125
302,bhanpura,in,"(24.513, 75.7469)",24.513,75.7469,1276152,Bhanpura,85.63,88.075,75.8,8.47525
303,el penol,co,"(1.459868, -77.44544)",1.459868,-77.44544,3683508,El Penol,74.59,72.35,20.5,3.58525
304,dera ghazi khan,pk,"(30.056142, 70.634766)",30.056142,70.634766,1180289,Dera Ghazi Khan,95.24,79.425,22,6.145
305,bulihan,ph,"(14.883333, 120.9)",14.883333,120.9,1722880,Bulihan,80.85,97.825,89.5,6.81575
306,tequixquiac,mx,"(19.908056, -99.1475)",19.908056,-99.1475,3515794,Tequixquiac,69.03,92.3,43.8,3.8795
307,carlagan,ph,"(14.975, 122.045556)",14.975,122.045556,1718367,Carlagan,83.54,99.35,76.3,12.7765
308,binabalian,ph,"(16.4202, 119.9279)",16.4202,119.9279,1725210,Binabalian Ricor,81.88,99.975,87.1,14.37025
309,nagram,in,"(26.616667, 81.133333)",26.616667,81.133333,1262168,Nagram,89.98,96.075,56,5.59275
310,el eden,hn,"(14.95, -88.0166667)",14.95,-88.0166667,3614249,Canaveral,86.1,85.85,63.6,2.10075
311,carmen,ph,"(8.988611, 125.2925)",8.988611,125.2925,1718334,Carmen,88.56,94.25,65.6,3.437
312,huehuetan,mx,"(15.016667, -92.366667)",15.016667,-92.366667,3526966,Huehuetan,87.73,88.75,38.5,2.62575
313,andradina,br,"(-20.9, -51.383333)",-20.9,-51.383333,3472248,Andradina,81.05,90.6,46.6,6.572
314,san francisco,gt,"(16.8, -89.933333)",16.8,-89.933333,3590249,San Francisco,86.91,91.35,61.3,4.121
315,huai mek,th,"(16.58975, 103.235472)",16.58975,103.235472,1610661,Huai Mek,90.4,91.15,58.5,4.5585
316,ikungi,tz,"(-5.1333333, 34.7666667)",-5.1333333,34.7666667,159267,Ikungi,82.64,47.7,0.5,10.0055
317,waspan,ni,"(14.7333333, -83.9666667)",14.7333333,-83.9666667,3615730,Waspam,89.13,94.025,84.6,5.296
318,neropolis,br,"(-16.416667, -49.233333)",-16.416667,-49.233333,3456322,Neropolis,90.37,63.95,37.5,5.92825
319,ligayan,ph,"(4.653333, 119.470556)",4.653333,119.470556,1706466,Ligayan,85.21,96.75,35,12.074
320,sao jose do egito,br,"(-7.466667, -37.266667)",-7.466667,-37.266667,3388435,Sao Jose do Egito,96.1,62.75,8.4,7.69
321,dayapan,ph,"(13.920295, 120.878673)",13.920295,120.878673,1700295,Matingain,82.56,99.975,69.4,21.2655
322,ghatal,in,"(22.666667, 87.716667)",22.666667,87.716667,1271346,Ghatal,88.69,96.075,64.6,5.601
323,galveston,us,"(29.3011111, -94.7975)",29.3011111,-94.7975,4692883,Galveston,88.02,96.875,41.5,10.60625
324,tancanhuitz,mx,"(21.6, -98.966667)",21.6,-98.966667,3527454,General Pedro Antonio Santos,86.1,88.425,57.8,2.4835
325,jeremie,ht,"(18.6166667, -74.0833333)",18.6166667,-74.0833333,3728319,Carrefour Canot,90.34,90.325,21.7,3.71125
326,dumka,in,"(24.266667, 87.25)",24.266667,87.25,1272237,Dumka,88.51,94.95,75.6,6.38175
327,phetchabun,th,"(16.443306, 101.147528)",16.443306,101.147528,1607737,Phetchabun,84.55,91.525,82.8,3.32225
328,marovoay,mg,"(-16.1, 46.6333333)",-16.1,46.6333333,1059507,Marovoay,92.27,53.625,3.3,7.0415
329,santo domingo,co,"(6.471423, -75.16395)",6.471423,-75.16395,3668373,Santo Domingo,85.48,75.575,35.5,2.25425
330,challapata,bo,"(-18.9, -66.7666667)",-18.9,-66.7666667,3921355,Challapata,41.49,67.15,6.7,2.3165
331,paringao,ph,"(16.571667, 120.324167)",16.571667,120.324167,1694667,Paringao,79.2,95.625,81.3,2.341
332,villa isla,ph,"(15.7703, 120.8666)",15.7703,120.8666,1679893,Villa Isla,81.83,97.85,87.7,7.178
333,buug,ph,"(7.7294, 123.0598)",7.7294,123.0598,1722167,Buug,83.81,94.25,74.4,6.804
334,kovilpatti,in,"(9.166667, 77.866667)",9.166667,77.866667,1265891,Kovilpatti,95.38,57.875,43.5,15.2875
335,paraguacu,br,"(-21.55, -45.733333)",-21.55,-45.733333,3455155,Paraguacu,76.05,90.325,46.9,4.21025
336,dindori,in,"(22.95, 81.083333)",22.95,81.083333,1272540,Dindori,79.96,97.825,87.2,5.23225
337,saqqez,ir,"(36.2463, 46.2665)",36.2463,46.2665,117392,Saqqez,94.49,38.925,0.5,2.94175
338,severna park,us,"(39.0702778, -76.5455556)",39.0702778,-76.5455556,4369224,Severna Park,90.39,81.875,25.2,5.3275
339,wright,us,"(30.4555556, -86.6383333)",30.4555556,-86.6383333,4178775,Wright,93.34,91.825,20,5.52
340,yudong,cn,"(29.385, 106.519444)",29.385,106.519444,1785964,Yudong,92.22,85.4,29.3,3.05725
341,stanger,za,"(-29.328164, 31.289537)",-29.328164,31.289537,952734,Stanger,69.19,73.125,35.3,7.25675
342,palestina,co,"(1.723624, -76.134028)",1.723624,-76.134028,3673275,Palestina,71.83,95.45,74.2,1.57425
343,alegria,ph,"(10.643455, 123.083603)",10.643455,123.083603,1731564,Alegria,85.79,80.45,76.5,13.6405
344,byureghavan,am,"(40.3147222, 44.5936111)",40.3147222,44.5936111,616790,Byureghavan,83.35,76.725,15.2,2.483
345,jaguaruna,br,"(-28.6, -49.033333)",-28.6,-49.033333,3460197,Jaguaruna,68.63,95.75,13,8.03375
346,godeanu,ro,"(44.801111, 22.608611)",44.801111,22.608611,684842,Balvanesti,79.09,76.925,22.4,3.37625
347,san vicente,ph,"(14.1061, 122.8733)",14.1061,122.8733,1687428,San Vicente,85.39,98.9,78.5,21.517
348,alangulam,in,"(8.866667, 77.5)",8.866667,77.5,1279058,Alangulam,87.46,72.725,61,9.955
349,goaigoaza,ve,"(10.4491667, -68.0605556)",10.4491667,-68.0605556,3481589,La Sorpresa,87.85,85.55,30.9,2.799
350,texcalac,mx,"(19.416667, -98.083333)",19.416667,-98.083333,3815459,Guadalupe Texcalac,78.4,69.375,28.4,5.36025
351,bouar,cf,"(5.95, 15.6)",5.95,15.6,2387926,Bouar,81.71,88.825,63.6,4.832
352,tucuma,br,"(-0.183333, -50.05)",-0.183333,-50.05,3385980,Tucuma,89.26,86.225,38.3,11.1515
353,sycamore,us,"(41.9888889, -88.6866667)",41.9888889,-88.6866667,4913110,Sycamore,88.86,87.875,33,5.856
354,medicina,it,"(44.466667, 11.633333)",44.466667,11.633333,3173660,Medicina,92.89,68.15,6.4,3.3165
355,marsa matruh,eg,"(31.35, 27.2333333)",31.35,27.2333333,352733,Marsa Matruh,92.41,66.375,0,8.89575
356,pedara,it,"(37.633333, 15.066667)",37.633333,15.066667,2522865,Trecastagni,83.99,73.975,12.3,1.85125
357,achacachi,bo,"(-16.05, -68.6833333)",-16.05,-68.6833333,3924610,Achacachi,48.06,79.8,34.1,2.71875
358,acli,ph,"(15.124, 120.6428)",15.124,120.6428,1732277,Akli,80.21,99.8,90.8,9.35075
359,armavir,am,"(40.0897222, 44.0483333)",40.0897222,44.0483333,616902,Armavir,85.57,75.55,12.6,3.59075
360,la union,co,"(4.532819, -76.103177)",4.532819,-76.103177,3676928,La Union,72.65,93.15,56.2,1.131
361,erie,us,"(42.1291667, -80.0852778)",42.1291667,-80.0852778,5188843,Erie,89.82,86.6,38.1,3.5775
362,sabinas,mx,"(27.85, -101.116667)",27.85,-101.116667,3988333,Sabinas,97,53.9,12.3,9.13375
363,barranquitas,us,"(18.1886111, -66.3066667)",18.1886111,-66.3066667,4567605,Reparto Colinas de Monte Verde,87.57,92.575,31.9,10.0585
364,redlands,us,"(34.0555556, -117.1816667)",34.0555556,-117.1816667,5386754,Redlands,99.83,33.25,12.3,1.656
365,a coruna,es,"(43.366609, -8.406812)",43.366609,-8.406812,6357300,Coruña (A),97.02,83.375,38.5,3.62125
366,castrolibero,it,"(39.3, 16.183333)",39.3,16.183333,2524289,Marano Principato,85.1,81.975,5,2.02725
367,plano,us,"(33.0197222, -96.6986111)",33.0197222,-96.6986111,4719457,Plano,97.5,72.675,41,7.71325
368,quillota,cl,"(-32.883333, -71.266667)",-32.883333,-71.266667,3874119,Quillota,66.26,91.625,40.3,3.282
369,druzhba,uz,"(41.2222222, 61.3066667)",41.2222222,61.3066667,1514792,Gazojak,98.89,38.65,6.4,7.56925
370,zamora,ec,"(-4.0691667, -78.9566667)",-4.0691667,-78.9566667,3649959,Zamora,73.26,73.925,38.5,2.45525
371,el balyana,eg,"(26.2386111, 32.0030556)",26.2386111,32.0030556,361435,Al Balyana,100.69,38.575,0.5,6.8025
372,cluny,mu,"(-20.3669444, 57.6038889)",-20.3669444,57.6038889,1106589,Cluny,75.85,81.375,22.1,8.43325
373,santa fe,ph,"(12.156557, 121.994111)",12.156557,121.994111,1688164,Santa Fe,83.72,99.225,76.7,22.977
374,tianguistenco,mx,"(19.179722, -99.470556)",19.179722,-99.470556,3515679,Tianguistenco,69.39,89.425,53.3,2.2485
375,plopana,ro,"(46.683333, 27.216667)",46.683333,27.216667,670472,Plopana,84.58,77.05,13.8,4.401
376,santana,ro,"(46.35, 21.5)",46.35,21.5,666936,Santana,88,67.475,5.9,4.5355
377,feodosiya,ua,"(45.036772, 35.377892)",45.036772,35.377892,709161,Feodosiya,83.77,86.4,24.5,9.78425
378,amarousion,gr,"(38.05, 23.8)",38.05,23.8,265243,Marousi,87.78,68.325,0.3,16.28875
379,north atlanta,us,"(33.865, -84.3366667)",33.865,-84.3366667,4212937,North Atlanta,91.98,78.1,31.1,4.189
380,mariano comense,it,"(45.7, 9.183333)",45.7,9.183333,3173949,Mariano Comense,90.17,80.3,33.6,4.2115
381,piracicaba,br,"(-22.716667, -47.633333)",-22.716667,-47.633333,3453643,Piracicaba,79.79,89.7,43.3,4.212
382,telenesti,md,"(47.499722, 28.365556)",47.499722,28.365556,617254,Telenesti,84.79,72.475,8.5,4.65075
383,salvacion,ph,"(7.983333, 126.133333)",7.983333,126.133333,1690741,Salvacion,92.04,68.425,51.8,5.67675
384,itumba,tz,"(-9.4, 33.1833333)",-9.4,33.1833333,158876,Itumba,84.62,47.975,0,9.0405
385,saint-cloud,fr,"(48.845985, 2.202889)",48.845985,2.202889,3013657,Département des Hauts-de-Seine,93.2,62.875,19.2,6.1855
386,yueyang,cn,"(29.140833, 113.111111)",29.140833,113.111111,1785884,Yongjiawan,94.03,79.15,33,3.56525
387,puck,pl,"(54.718542, 18.41085)",54.718542,18.41085,3087691,Puck,83.54,81.7,31,12.586
388,tsikalaria,gr,"(35.4833333, 24.0666667)",35.4833333,24.0666667,252486,Tsikalaria,85.28,66.7,3.1,5.42525
389,jandiala,in,"(31.166667, 75.616667)",31.166667,75.616667,1269269,Jandiala,95.38,87.55,53.6,5.96475
390,cabulay,ph,"(16.7203, 121.5043)",16.7203,121.5043,1687836,Santiago,77.29,93.725,82.9,2.29625
391,monroe,us,"(42.6011111, -89.6383333)",42.6011111,-89.6383333,5263331,Monroe,88.81,84.8,28.9,6.06
392,carranglan,ph,"(15.9613, 121.0641)",15.9613,121.0641,1718266,Carranglan,74.27,97.8,91.5,2.2935
393,doljesti,ro,"(47.033333, 26.983333)",47.033333,26.983333,679133,Doljesti,84.58,77.05,13.8,4.401
394,kula,rs,"(45.608889, 19.526389)",45.608889,19.526389,3196973,Kula,88.13,69.5,11.7,6.92125
395,gusau,ng,"(12.162784, 6.661348)",12.162784,6.661348,2339937,Gusau,79.45,94.325,86.3,8.05125
396,moissala,td,"(8.35, 17.7666667)",8.35,17.7666667,2427697,Moissala,87.2,91.175,57.1,5.8815
397,weinfelden,ch,"(47.566194, 9.107546)",47.566194,9.107546,7287555,Weinfelden,88.99,74.8,37.6,3.132
398,dankov,ru,"(53.251554, 39.155533)",53.251554,39.155533,567109,Dankov,83.79,54.5,19.3,7.24275
399,ban phai,th,"(16.059972, 102.730972)",16.059972,102.730972,1614455,Ban Phai,91.64,84.3,55.3,6.16875
400,rassvet,ru,"(46.7428, 41.2342)",46.7428,41.2342,561501,Gigant,95.36,56.925,23.6,7.82175
401,naberera,tz,"(-4.2, 36.9333333)",-4.2,36.9333333,152042,Naberera,79.94,69.175,12.5,7.343
402,hernadnemeti,hu,"(48.066667, 20.983333)",48.066667,20.983333,720026,Hernadnemeti,90.83,62.025,17.5,4.86625
403,taft,us,"(35.1425, -119.4555556)",35.1425,-119.4555556,5400877,Taft,95.11,67.75,3.4,3.24625
404,mwense,zm,"(-10.3833333, 28.6833333)",-10.3833333,28.6833333,902721,Mwense,90.52,32.475,0,5.0925
405,epinay-sous-senart,fr,"(48.689701, 2.511863)",48.689701,2.511863,3020024,Epinay-sous-Senart,93.2,62.875,19.2,6.1855
406,horn,at,"(48.65, 15.65)",48.65,15.65,2775516,Horn,88.99,70.125,23.6,6.37075
407,kamenica,mk,"(42.02, 22.5919444)",42.02,22.5919444,789629,Makedonska Kamenica,81.38,71.65,21.1,2.5785
408,jinji,cn,"(23.228056, 110.826111)",23.228056,110.826111,1805515,Jinji,91.8,86,43.2,4.4015
409,bolshoy lug,ru,"(52.065556, 104.083889)",52.065556,104.083889,2026268,Bol’shoy Lug,74.95,85.2,35,3.80575
410,phenix city,us,"(32.4708333, -85.0008333)",32.4708333,-85.0008333,4082866,Phenix City,95.16,76.525,33.1,3.32475
411,uglovoye,ru,"(43.345, 132.108333)",43.345,132.108333,2014571,Uglovoye,73.45,93.65,74.6,7.5085
412,vandalur,in,"(12.892778, 80.080833)",12.892778,80.080833,1253454,Vandalur,96.07,73.75,52.5,8.62925
413,nechanice,cz,"(50.237115, 15.635234)",50.237115,15.635234,3069980,Nechanice,88.2,72.35,21.2,6.31675
414,krasnyye chetai,ru,"(55.688708, 46.138654)",55.688708,46.138654,541791,Krasnyye Chetai,78.55,68.15,27.4,7.90475
415,kadyy,ru,"(57.787037, 43.190288)",57.787037,43.190288,554502,Kadyy,82.82,72.05,29.6,11.1065
416,altus,us,"(34.6380556, -99.3336111)",34.6380556,-99.3336111,4529292,Altus,102.2,64.9,39.9,9.42525
417,canocotan,ph,"(7.3998, 125.7727)",7.3998,125.7727,1718985,Corocotan,87,83.15,49.2,6.24675
418,purisima,co,"(9.23657, -75.721905)",9.23657,-75.721905,3671203,Purisima,97.95,82.25,28.7,6.5585
419,wronki,pl,"(52.706768, 16.384391)",52.706768,16.384391,3081350,Wronki,97.04,60.15,21.3,8.47025
420,lexington,us,"(35.8238889, -80.2536111)",35.8238889,-80.2536111,4475773,Lexington,90.86,83.225,23.7,5.55
421,miamisburg,us,"(39.6427778, -84.2866667)",39.6427778,-84.2866667,4518188,Miamisburg,91.92,87.9,42.2,5.41375
422,pszow,pl,"(50.03783, 18.401537)",50.03783,18.401537,3087701,Pszow,90.7,55.775,8.1,7.2235
423,srivardhan,in,"(18.033333, 73.016667)",18.033333,73.016667,1255619,Srivardhan,77.14,99.225,93,9.33975
424,mto wa mbu,tz,"(-3.35, 35.85)",-3.35,35.85,152743,Mto wa Mbu,78.23,78.175,7.1,6.24975
425,varfurile,ro,"(46.316667, 22.516667)",46.316667,22.516667,662769,Varfurile,79.99,80.675,10.7,2.5005
426,bristol,us,"(36.595, -82.1888889)",36.595,-82.1888889,4608657,Bristol,87.48,85.175,43.6,3.6745
427,gorlice,pl,"(49.658084, 21.159693)",49.658084,21.159693,771804,Gorlice,88.94,56.35,7.3,7.28775
428,calcinato,it,"(45.45, 10.4)",45.45,10.4,3181223,Calcinato,91.51,75,27,3.4065
429,pangabuan,ph,"(8.056944, 123.695833)",8.056944,123.695833,1695438,Pangabuan,83.11,87.45,66.2,6.88425
430,praid,ro,"(46.55, 25.133333)",46.55,25.133333,669735,Praid,81.9,77.825,17.5,2.31325
431,pambuhan,ph,"(13.9736, 123.0837)",13.9736,123.0837,1695893,Pambuhan,83.18,92.675,82.4,16.9655
432,filottrano,it,"(43.433333, 13.35)",43.433333,13.35,3176988,Filottrano,89.35,70.225,13.9,2.79375
433,gadwal,in,"(16.233333, 77.8)",16.233333,77.8,1271819,Gadwal,90.53,70.5,70.1,14.46225
434,kratovo,ru,"(55.597284, 38.177429)",55.597284,38.177429,541286,Kratovo,82.28,61.75,25.1,8.72825
435,kegayli,uz,"(42.7766667, 59.6077778)",42.7766667,59.6077778,601349,Kegeyli Shahar,99.79,42.925,12.3,7.40525
436,jaora,in,"(23.633333, 75.133333)",23.633333,75.133333,1269217,Jaora,86.02,91.675,86,9.6895
437,horstel,de,"(52.316667, 7.583333)",52.316667,7.583333,2898603,Horstel,97.62,49.425,17.5,8.66575
438,fortrose,gb,"(57.583333, -4.133333)",57.583333,-4.133333,2649171,Fortrose,65.68,86.425,35.7,9.70125
439,khalimbekaul,ru,"(42.845994, 47.138725)",42.845994,47.138725,554491,Kafyr-Kumukh,80.13,83.275,40.6,3.13775
440,chiguayante,cl,"(-36.916667, -73.016667)",-36.916667,-73.016667,3895138,Chiguayante,56.34,92.975,65.8,6.44625
441,tagburos,ph,"(9.8279, 118.743)",9.8279,118.743,1684463,Tagburos,83.77,99.45,63.1,15.93875
442,sorocaba,br,"(-23.483333, -47.45)",-23.483333,-47.45,6322598,Sorocaba,75.78,92.2,49.4,5.38275
443,zorgo,bf,"(12.2488889, -0.6158333)",12.2488889,-0.6158333,2353197,Zorgho,89.83,88.05,80,8.8785
444,caceres,co,"(7.580779, -75.348422)",7.580779,-75.348422,3688128,Caceres,89.33,90.8,40.6,4.145
445,phagwara,in,"(31.217778, 75.769444)",31.217778,75.769444,1259827,Phagwara,95.38,87.55,53.6,5.96475
446,vieux-conde,fr,"(50.45944, 3.567375)",50.45944,3.567375,2969213,Vieux-Conde,96.26,62.925,24.4,8.2895
447,applewood,us,"(39.7472222, -105.1622222)",39.7472222,-105.1622222,5412030,Applewood,92.77,53.4,20.1,4.34575
448,arnold,gb,"(53.0, -1.133333)",53,-1.133333,2657030,Arnold,84.22,68.425,37.1,8.43575
449,horsching,at,"(48.233333, 14.183333)",48.233333,14.183333,7872052,Hörsching,90.45,73.25,30.7,3.66625
450,semirara,ph,"(12.069666, 121.398611)",12.069666,121.398611,1686992,Semirara,83.61,99.2,79.6,21.895
451,miraslau,ro,"(46.366667, 23.716667)",46.366667,23.716667,673160,Miraslau,84.25,81.05,15,3.55975
452,portage,us,"(41.5758333, -87.1761111)",41.5758333,-87.1761111,4925006,Portage,92.23,87.05,37.9,7.1395
453,lampazos de naranjo,mx,"(27.016667, -100.516667)",27.016667,-100.516667,4001240,Lampazos de Naranjo,99.42,50.95,16.5,6.81225
454,urussu,ru,"(54.598118, 53.463126)",54.598118,53.463126,478565,Urussu,81.07,72.65,26.9,6.421
455,west new york,us,"(40.7877778, -74.0147222)",40.7877778,-74.0147222,5106292,West New York,88.68,76.025,21.2,6.10175
456,magurele,ro,"(44.35, 26.033333)",44.35,26.033333,674117,Magurele,90.61,54.15,26,6.20775
457,valenza,it,"(45.016667, 8.633333)",45.016667,8.633333,3164920,Valenza,92.97,78.55,30.3,4.066
458,siogui arriba,pa,"(8.5333333, -82.6833333)",8.5333333,-82.6833333,3700931,Siogui Arriba,84.74,99.2,55.6,3.36725
459,sarana,ru,"(56.47728, 57.725865)",56.47728,57.725865,498703,Sarana,78.28,72.275,28.1,4.99175
460,syzran,ru,"(53.1585, 48.4681)",53.1585,48.4681,484972,Syzran,89.08,56.725,20.4,6.6925
461,dorogobuzh,ru,"(54.915, 33.297222)",54.915,33.297222,565202,Dorogobuzh,83.18,69.475,23.4,7.9105
462,khatanga,ru,"(71.966667, 102.5)",71.966667,102.5,2022572,Khatanga,69.73,84.325,32.3,9.09975
463,wapakoneta,us,"(40.5677778, -84.1936111)",40.5677778,-84.1936111,5175670,Wapakoneta,90.91,88.2,37.9,6.3625
464,mechetinskaya,ru,"(46.771295, 40.455969)",46.771295,40.455969,528137,Mechetinskaya,93.89,53.575,19.9,8.444
465,sarevere,ee,"(58.79, 25.4280556)",58.79,25.4280556,588792,Sarevere,86.24,60.875,30.2,10.04475
466,cisterna,it,"(41.583333, 12.816667)",41.583333,12.816667,3178631,Cisterna di Latina,88,80.7,8.6,6.09975
467,tiguion,ph,"(13.3347, 121.861)",13.3347,121.861,1682155,Tiguion,84.89,97.95,73,19.68575
468,silistra,bg,"(44.1166667, 27.2666667)",44.1166667,27.2666667,726262,Tsar Ferdinand,91.15,59.2,14.5,6.44025
469,jiexiu,cn,"(37.024444, 111.9125)",37.024444,111.9125,1805833,Jiexiu,86.64,89.8,51.7,3.03975
470,aldona,in,"(15.583333, 73.866667)",15.583333,73.866667,1279045,Aldona,77.64,100,91.9,9.18575
471,culfa,az,"(38.9558, 45.6308)",38.9558,45.6308,148251,Culfa,91.49,63.2,1.3,1.96925
472,potsdam,us,"(44.6697222, -74.9816667)",44.6697222,-74.9816667,5132103,Potsdam,87.37,81.275,50.3,4.14175
473,karangampel,id,"(-6.462222, 108.451944)",-6.462222,108.451944,1641342,Karangampel,85.43,94.55,7.1,11.487
474,poso,id,"(-1.3959, 120.7524)",-1.3959,120.7524,7473632,Pam,84.98,99.65,18,4.832
475,san jose,ph,"(14.983889, 120.7775)",14.983889,120.7775,1688425,San Simon,80.21,99.8,90.8,9.35075
476,almetyevsk,ru,"(54.904424, 52.315397)",54.904424,52.315397,582432,Almetyevsk,79.54,70.35,23.7,7.28725
477,tlalpujahua,mx,"(19.8, -100.166667)",19.8,-100.166667,3981464,Tlalpujahua de Rayon,69.93,86.975,41.3,3.3555
478,khoriyion,gr,"(40.9941667, 22.7205556)",40.9941667,22.7205556,735735,Nomós Kilkís,94.56,51.2,32.6,4.20325
479,bethel,us,"(60.7922222, -161.7558333)",60.7922222,-161.7558333,5880568,Bethel,57.22,91.85,75.7,10.0425
480,xochihuehuetlan,mx,"(17.916667, -98.433333)",17.916667,-98.433333,3514454,Xochihuehuetlan,92.84,74.3,30.4,3.353
481,wilhelmshaven,de,"(53.516667, 8.133333)",53.516667,8.133333,2808720,Wilhelmshaven,93.12,67.475,23,9.2645
482,mishima,jp,"(35.116667, 138.916667)",35.116667,138.916667,1856977,Mishima,89.34,92.575,62.5,5.00575
483,jagannathpur,in,"(22.233333, 85.65)",22.233333,85.65,1269592,Jagannathpur,84.26,96.95,73.2,4.444
484,honjo,jp,"(39.388333, 140.083333)",39.388333,140.083333,2112569,Ishiwaki,81.19,97.625,47.2,13.2575
485,nea malgara,gr,"(40.6094444, 22.6816667)",40.6094444,22.6816667,735003,Nea Malgara,94.56,51.2,32.6,4.20325
486,novo lino,br,"(-9.016667, -35.616667)",-9.016667,-35.616667,3397068,Jundia,83.32,94.6,68.5,6.5745
487,cabot,us,"(34.9744444, -92.0163889)",34.9744444,-92.0163889,4103957,Cabot,95.46,81.95,31.7,5.46975
488,pollachi,in,"(10.666667, 77.016667)",10.666667,77.016667,1259440,Pollachi,78.46,92.1,73.5,9.799
489,beja,pt,"(38.015064, -7.863227)",38.015064,-7.863227,2270985,Beja,111.38,38.05,0.7,10.475
490,vikindu,tz,"(-6.9833333, 39.2833333)",-6.9833333,39.2833333,148987,Vikindu,86.2,72.4,27.6,4.27575
491,uden,nl,"(51.663777, 5.62398)",51.663777,5.62398,2746005,Uden,97.71,58.925,23.1,8.763
492,kampong thum,kh,"(12.7, 104.9)",12.7,104.9,1831125,Kampong Thum,80.75,97.475,89.1,6.05425
493,san jose,ph,"(15.0373, 120.6946)",15.0373,120.6946,1692241,Quebiauan,80.21,99.8,90.8,9.35075
494,beaverlodge,ca,"(55.2, -119.45)",55.2,-119.45,5896969,Beaverlodge,81.07,50.55,11,10.6045
495,mortara,it,"(45.25, 8.733333)",45.25,8.733333,3172557,Mortara,94.19,76.95,18.8,3.392
496,lobez,pl,"(53.638794, 15.62231)",53.638794,15.62231,3093158,Lobez,94.34,63.925,20.4,8.7535
497,kirovskiy,ru,"(45.091667, 133.513611)",45.091667,133.513611,2022064,Kirovskiy,77.01,74.475,37.6,3.02075
498,grand river south east,mu,"(-20.2861111, 57.7758333)",-20.2861111,57.7758333,934475,Grande Riviere Sud Est,75.85,81.375,22.1,8.43325
499,santander jimenez,mx,"(24.216667, -98.466667)",24.216667,-98.466667,3517151,Santander Jimenez,97.44,76.55,23.3,6.56625
500,kuzino,ru,"(59.776647, 38.3104)",59.776647,38.3104,537888,Kuzino,81.11,85.45,39.7,11.835
501,geseke,de,"(51.65, 8.516667)",51.65,8.516667,2920834,Geseke,97.17,48.825,21.2,8.3215
502,megala kalivia,gr,"(39.5, 21.7875)",39.5,21.7875,257448,Megala Kalyvia,88.58,51.825,21.2,2.184
503,selogiri,id,"(-7.783333, 110.866667)",-7.783333,110.866667,1627969,Selogiri,90.76,69.225,16.4,4.38975
504,chandpur,in,"(29.15, 78.266667)",29.15,78.266667,1274714,Chandpur,91.42,93.325,47.2,5.34375
505,imeni vorovskogo,ru,"(55.731899, 38.323684)",55.731899,38.323684,556463,Imeni Vorovskogo,82.28,61.75,25.1,8.72825
506,windsor,ca,"(44.983333, -64.133333)",44.983333,-64.133333,6182958,Windsor,83.76,86.175,41.1,4.30125
507,bugac,hu,"(46.687039, 19.680739)",46.687039,19.680739,3054612,Bugac,93.98,52.15,9.4,7.8965
508,perry hall,us,"(39.4125, -76.4638889)",39.4125,-76.4638889,4365227,Perry Hall,92.39,80.625,28.7,4.56375
509,candelaria,co,"(10.459117, -74.879697)",10.459117,-74.879697,3687634,Candelaria,94.91,83.225,20.6,6.2105
510,buchs,ch,"(47.169856, 9.47544)",47.169856,9.47544,2661349,Buchs,84.85,79.1,36.9,2.36075
511,borsec,ro,"(46.95, 25.566667)",46.95,25.566667,684143,Borsec,73.87,79.975,20.6,2.12025
512,szabadkigyos,hu,"(46.616667, 21.1)",46.616667,21.1,715614,Szabadkigyos,93.35,50.85,14.7,6.5465
513,araguaina,br,"(-7.16, -48.0575)",-7.16,-48.0575,3404921,Brejinho,103.3,45.8,27.6,5.76075
514,stefanovikion,gr,"(39.4666667, 22.7333333)",39.4666667,22.7333333,253218,Stefanavikion,89.24,69.6,4.2,2.85525
515,calategas,ph,"(9.168977, 118.223498)",9.168977,118.223498,1720478,Calatugas,83.95,99.975,60.5,12.62025
516,pilu,ro,"(46.566667, 21.35)",46.566667,21.35,670801,Pilu,90.25,60.4,9.1,5.4565
517,gropnita,ro,"(47.35, 27.25)",47.35,27.25,676673,Gropnita,84.63,76.825,10.2,4.4155
518,pine hill,us,"(39.7841667, -74.9925)",39.7841667,-74.9925,4503606,Pine Hill,93.15,79.8,25.8,8.42
